<Tablo>
	<Dosya>
		<DosyaAdi>OnMuhasebe.BackOffice.exe</DosyaAdi>
		<YuklenecegiKonum>\OnMuhasebe.BackOffice.exe</YuklenecegiKonum>
	</Dosya>	
	
	<Dosya>
		<DosyaAdi>OnMuhasebe.BackOffice.exe.config</DosyaAdi>
		<YuklenecegiKonum>\OnMuhasebe.BackOffice.exe.config</YuklenecegiKonum>
	</Dosya>	
	
	<Dosya>
		<DosyaAdi>OnMuhasebe.BackOffice.pdb</DosyaAdi>
		<YuklenecegiKonum>\OnMuhasebe.BackOffice.pdb</YuklenecegiKonum>
	</Dosya>
	
	<Dosya>
		<DosyaAdi>OnMuhasebe.FrontOffice.exe</DosyaAdi>
		<YuklenecegiKonum>\OnMuhasebe.FrontOffice.exe</YuklenecegiKonum>
	</Dosya>
	<Dosya>
		<DosyaAdi>OnMuhasebe.FrontOffice.exe.config</DosyaAdi>
		<YuklenecegiKonum>\OnMuhasebe.FrontOffice.exe.config</YuklenecegiKonum>
	</Dosya>	
	<Dosya>
		<DosyaAdi>OnMuhasebe.FrontOffice.pdb</DosyaAdi>
		<YuklenecegiKonum>\OnMuhasebe.FrontOffice.pdb</YuklenecegiKonum>
	</Dosya>
	

	<Dosya>
		<DosyaAdi>OnMuhasebe.Update.exe</DosyaAdi>
		<YuklenecegiKonum>\OnMuhasebe.Update.exe</YuklenecegiKonum>
	</Dosya>
		<Dosya>
		<DosyaAdi>OnMuhasebe.Update.exe.config</DosyaAdi>
		<YuklenecegiKonum>\OnMuhasebe.Update.exe.config</YuklenecegiKonum>
	</Dosya>	
	<Dosya>
		<DosyaAdi>OnMuhasebe.Update.pdb</DosyaAdi>
		<YuklenecegiKonum>\OnMuhasebe.Update.pdb</YuklenecegiKonum>
	</Dosya>
</Tablo>